,PRODUCT's inventory,MATERIAL 1's inventory,PRODUCT's Change,MATERIAL 1's Change,Remaining Demand,Action
0,0,0,2,0,0,[1]
1,2,2,0,-1,13,[0]
2,3,1,0,-1,12,[2]
3,3,0,0,2,12,[0]
4,5,2,0,-2,10,[1]
5,5,0,0,1,10,[0]
6,6,1,0,-1,9,[2]
7,6,0,0,2,9,[2]
9,0,0,2,0,10,[5]
10,2,2,0,3,13,[5]
11,4,2,3,3,11,[0]
12,6,2,6,-2,9,[1]
13,8,2,4,-1,7,[0]
14,10,2,3,-2,5,[4]
15,12,2,1,2,3,[3]
16,14,2,3,1,1,[2]
18,0,0,2,0,12,[2]
19,2,2,0,0,11,[3]
20,4,2,0,1,9,[3]
21,6,2,1,1,7,[5]
22,8,2,2,3,5,[2]
23,10,2,5,0,3,[3]
24,12,2,5,1,1,[4]
25,14,2,6,2,-1,[2]
27,0,0,2,0,10,[0]
28,2,2,0,-2,14,[0]
29,2,0,0,0,14,[0]
30,2,0,0,0,14,[0]
31,2,0,0,0,14,[5]
32,2,0,0,5,14,[0]
33,4,2,3,-2,12,[4]
34,6,2,1,2,10,[0]
36,0,0,2,0,16,[1]
37,2,2,0,-1,8,[2]
38,3,1,0,1,7,[0]
39,5,2,0,-2,5,[0]
40,5,0,0,0,5,[1]
41,5,0,0,1,5,[0]
42,6,1,0,-1,4,[3]
43,6,0,0,3,4,[2]
45,0,0,2,0,14,[4]
46,2,2,0,2,8,[3]
47,4,2,2,1,6,[4]
48,6,2,3,2,4,[2]
49,8,2,5,0,2,[0]
50,10,2,5,-2,0,[1]
51,12,2,3,-1,-2,[5]
52,14,2,2,3,-4,[3]
54,0,0,2,0,11,[1]
55,2,2,0,-1,10,[5]
56,3,1,0,4,9,[0]
57,5,2,3,-2,7,[4]
58,7,2,1,2,5,[1]
59,9,2,3,-1,3,[5]
60,11,2,2,3,1,[5]
61,13,2,5,3,-1,[2]
63,0,0,2,0,13,[2]
64,2,2,0,0,12,[0]
65,4,2,0,-2,10,[1]
66,4,0,0,1,10,[5]
67,5,1,0,4,9,[1]
68,7,2,3,-1,7,[4]
69,9,2,2,2,5,[1]
70,11,2,4,-1,3,[2]
72,0,0,2,0,14,[5]
73,2,2,0,3,11,[2]
74,4,2,3,0,9,[2]
75,6,2,3,0,7,[5]
76,8,2,3,3,5,[4]
77,10,2,6,2,3,[4]
78,12,2,8,2,1,[5]
79,14,2,10,3,-1,[3]
81,0,0,2,0,13,[0]
82,2,2,0,-2,12,[1]
83,2,0,0,1,12,[5]
84,3,1,0,4,11,[3]
85,5,2,3,1,9,[4]
86,7,2,4,2,7,[0]
87,9,2,6,-2,5,[5]
88,11,2,4,3,3,[2]
90,0,0,2,0,10,[5]
91,2,2,0,3,8,[4]
92,4,2,3,2,6,[4]
93,6,2,5,2,4,[1]
94,8,2,7,-1,2,[5]
95,10,2,6,3,0,[1]
96,12,2,9,-1,-2,[3]
97,14,2,8,1,-4,[0]
99,0,0,2,0,12,[1]
100,2,2,0,-1,12,[0]
101,3,1,0,-1,11,[2]
102,3,0,0,2,11,[3]
103,5,2,0,1,9,[3]
104,7,2,1,1,7,[5]
105,9,2,2,3,5,[0]
106,11,2,5,-2,3,[5]
108,0,0,2,0,13,[4]
109,2,2,0,2,13,[0]
110,4,2,2,-2,11,[1]
111,6,2,0,-1,9,[0]
112,7,1,0,-1,8,[3]
113,7,0,0,3,8,[3]
114,9,2,1,1,6,[4]
115,11,2,2,2,4,[1]
117,0,0,2,0,16,[5]
118,2,2,0,3,9,[5]
119,4,2,3,3,7,[0]
120,6,2,6,-2,5,[1]
121,8,2,4,-1,3,[3]
122,10,2,3,1,1,[1]
123,12,2,4,-1,-1,[3]
124,14,2,3,1,-3,[3]
126,0,0,2,0,15,[2]
127,2,2,0,0,14,[4]
128,4,2,0,2,12,[1]
129,6,2,2,-1,10,[4]
130,8,2,1,2,8,[5]
131,10,2,3,3,6,[3]
132,12,2,6,1,4,[2]
133,14,2,7,0,2,[1]
135,0,0,2,0,11,[5]
136,2,2,0,3,11,[3]
137,4,2,3,1,9,[4]
138,6,2,4,2,7,[2]
139,8,2,6,0,5,[1]
140,10,2,6,-1,3,[3]
141,12,2,5,1,1,[5]
142,14,2,6,3,-1,[4]
144,0,0,2,0,10,[5]
145,2,2,0,3,12,[4]
146,4,2,3,2,10,[1]
147,6,2,5,-1,8,[4]
148,8,2,4,2,6,[4]
149,10,2,6,2,4,[1]
150,12,2,8,-1,2,[0]
151,14,2,7,-2,0,[0]
153,0,0,2,0,15,[2]
154,2,2,0,0,12,[5]
155,4,2,0,3,10,[4]
156,6,2,3,2,8,[1]
157,8,2,5,-1,6,[4]
158,10,2,4,2,4,[3]
159,12,2,6,1,2,[4]
160,14,2,7,2,0,[4]
162,0,0,2,0,12,[3]
163,2,2,0,1,11,[2]
164,4,2,1,0,9,[2]
165,6,2,1,0,7,[2]
166,8,2,1,0,5,[4]
167,10,2,1,2,3,[2]
168,12,2,3,0,1,[2]
169,14,2,3,0,-1,[3]
171,0,0,2,0,11,[2]
172,2,2,0,0,14,[5]
173,4,2,0,3,12,[2]
174,6,2,3,0,10,[1]
175,8,2,3,-1,8,[2]
176,10,2,2,0,6,[2]
177,12,2,2,0,4,[0]
178,14,2,2,-2,2,[5]
180,0,0,2,0,14,[2]
181,2,2,0,0,11,[4]
182,4,2,0,2,9,[3]
183,6,2,2,1,7,[5]
184,8,2,3,3,5,[1]
185,10,2,6,-1,3,[3]
186,12,2,5,1,1,[5]
187,14,2,6,3,-1,[5]
189,0,0,2,0,12,[5]
190,2,2,0,3,12,[2]
191,4,2,3,0,10,[5]
192,6,2,3,3,8,[5]
193,8,2,6,3,6,[4]
194,10,2,9,2,4,[5]
195,12,2,11,3,2,[0]
196,14,2,14,-2,0,[4]
198,0,0,2,0,14,[2]
199,2,2,0,0,10,[2]
200,4,2,0,0,8,[2]
201,6,2,0,0,6,[2]
202,8,2,0,0,4,[4]
203,10,2,0,2,2,[0]
204,12,2,2,-2,0,[1]
205,14,2,0,-1,-2,[4]
207,0,0,2,0,16,[0]
208,2,2,0,-2,13,[0]
209,2,0,0,0,13,[0]
210,2,0,0,0,13,[5]
211,2,0,0,5,13,[3]
212,4,2,3,1,11,[1]
213,6,2,4,-1,9,[3]
214,8,2,3,1,7,[5]
216,0,0,2,0,10,[5]
217,2,2,0,3,12,[0]
218,4,2,3,-2,10,[5]
219,6,2,1,3,8,[1]
220,8,2,4,-1,6,[2]
221,10,2,3,0,4,[5]
222,12,2,3,3,2,[1]
223,14,2,6,-1,0,[3]
225,0,0,2,0,12,[0]
226,2,2,0,-2,9,[3]
227,2,0,0,3,9,[3]
228,4,2,1,1,7,[2]
229,6,2,2,0,5,[3]
230,8,2,2,1,3,[5]
231,10,2,3,3,1,[4]
232,12,2,6,2,-1,[1]
234,0,0,2,0,10,[1]
235,2,2,0,-1,8,[2]
236,3,1,0,1,7,[4]
237,5,2,0,2,5,[2]
238,7,2,2,0,3,[2]
239,9,2,2,0,1,[3]
240,11,2,2,1,-1,[0]
241,13,2,3,-2,-3,[2]
243,0,0,2,0,15,[1]
244,2,2,0,-1,10,[1]
245,3,1,0,0,9,[1]
246,4,1,0,0,8,[4]
247,5,1,0,3,7,[1]
248,7,2,2,-1,5,[2]
249,9,2,1,0,3,[5]
250,11,2,1,3,1,[2]
252,0,0,2,0,16,[1]
253,2,2,0,-1,11,[2]
254,3,1,0,1,10,[2]
255,5,2,0,0,8,[2]
256,7,2,0,0,6,[5]
257,9,2,0,3,4,[2]
258,11,2,3,0,2,[2]
259,13,2,3,0,0,[2]
261,0,0,2,0,15,[5]
262,2,2,0,3,10,[2]
263,4,2,3,0,8,[0]
264,6,2,3,-2,6,[2]
265,8,2,1,0,4,[3]
266,10,2,1,1,2,[0]
267,12,2,2,-2,0,[0]
268,14,2,0,-2,-2,[4]
270,0,0,2,0,10,[5]
271,2,2,0,3,14,[1]
272,4,2,3,-1,12,[0]
273,6,2,2,-2,10,[5]
274,8,2,0,3,8,[5]
275,10,2,3,3,6,[4]
276,12,2,6,2,4,[3]
277,14,2,8,1,2,[1]
279,0,0,2,0,14,[3]
280,2,2,0,1,14,[2]
281,4,2,1,0,12,[0]
282,6,2,1,-2,10,[2]
283,7,1,0,1,9,[4]
284,9,2,0,2,7,[5]
285,11,2,2,3,5,[1]
286,13,2,5,-1,3,[3]
288,0,0,2,0,13,[3]
289,2,2,0,1,10,[0]
290,4,2,1,-2,8,[4]
291,5,1,0,3,7,[5]
292,7,2,2,3,5,[4]
293,9,2,5,2,3,[4]
294,11,2,7,2,1,[0]
295,13,2,9,-2,-1,[0]
297,0,0,2,0,11,[4]
298,2,2,0,2,10,[2]
299,4,2,2,0,8,[4]
300,6,2,2,2,6,[1]
301,8,2,4,-1,4,[2]
302,10,2,3,0,2,[0]
303,12,2,3,-2,0,[3]
304,14,2,1,1,-2,[5]
306,0,0,2,0,16,[4]
307,2,2,0,2,8,[0]
308,4,2,2,-2,6,[2]
309,6,2,0,0,4,[4]
310,8,2,0,2,2,[2]
311,10,2,2,0,0,[2]
312,12,2,2,0,-2,[3]
313,14,2,2,1,-4,[3]
315,0,0,2,0,15,[1]
316,2,2,0,-1,13,[4]
317,3,1,0,3,12,[4]
318,5,2,2,2,10,[2]
319,7,2,4,0,8,[1]
320,9,2,4,-1,6,[4]
321,11,2,3,2,4,[5]
322,13,2,5,3,2,[3]
324,0,0,2,0,10,[5]
325,2,2,0,3,9,[3]
326,4,2,3,1,7,[3]
327,6,2,4,1,5,[4]
328,8,2,5,2,3,[5]
329,10,2,7,3,1,[0]
330,12,2,10,-2,-1,[0]
331,14,2,8,-2,-3,[3]
333,0,0,2,0,11,[4]
334,2,2,0,2,8,[5]
335,4,2,2,3,6,[1]
336,6,2,5,-1,4,[3]
337,8,2,4,1,2,[0]
338,10,2,5,-2,0,[0]
339,12,2,3,-2,-2,[2]
340,14,2,1,0,-4,[0]
342,0,0,2,0,11,[2]
343,2,2,0,0,10,[3]
344,4,2,0,1,8,[1]
345,6,2,1,-1,6,[5]
346,8,2,0,3,4,[4]
347,10,2,3,2,2,[4]
348,12,2,5,2,0,[1]
349,14,2,7,-1,-2,[5]
351,0,0,2,0,14,[4]
352,2,2,0,2,14,[3]
353,4,2,2,1,12,[3]
354,6,2,3,1,10,[1]
355,8,2,4,-1,8,[1]
356,10,2,3,-1,6,[3]
357,12,2,2,1,4,[2]
358,14,2,3,0,2,[4]
360,0,0,2,0,13,[4]
361,2,2,0,2,8,[1]
362,4,2,2,-1,6,[3]
363,6,2,1,1,4,[3]
364,8,2,2,1,2,[0]
365,10,2,3,-2,0,[4]
366,12,2,1,2,-2,[4]
367,14,2,3,2,-4,[3]
369,0,0,2,0,11,[4]
370,2,2,0,2,12,[4]
371,4,2,2,2,10,[1]
372,6,2,4,-1,8,[4]
373,8,2,3,2,6,[2]
374,10,2,5,0,4,[1]
375,12,2,5,-1,2,[0]
376,14,2,4,-2,0,[4]
378,0,0,2,0,16,[3]
379,2,2,0,1,14,[2]
380,4,2,1,0,12,[3]
381,6,2,1,1,10,[0]
382,8,2,2,-2,8,[2]
383,10,2,0,0,6,[0]
384,12,2,0,-2,4,[1]
385,12,0,0,1,4,[0]
387,0,0,2,0,10,[3]
388,2,2,0,1,12,[2]
389,4,2,1,0,10,[4]
390,6,2,1,2,8,[4]
391,8,2,3,2,6,[3]
392,10,2,5,1,4,[5]
393,12,2,6,3,2,[4]
394,14,2,9,2,0,[1]
396,0,0,2,0,14,[5]
397,2,2,0,3,11,[4]
398,4,2,3,2,9,[4]
399,6,2,5,2,7,[5]
400,8,2,7,3,5,[3]
401,10,2,10,1,3,[4]
402,12,2,11,2,1,[1]
403,14,2,13,-1,-1,[4]
405,0,0,2,0,13,[2]
406,2,2,0,0,11,[2]
407,4,2,0,0,9,[0]
408,6,2,0,-2,7,[3]
409,6,0,0,3,7,[5]
410,8,2,1,3,5,[3]
411,10,2,4,1,3,[3]
412,12,2,5,1,1,[1]
414,0,0,2,0,11,[2]
415,2,2,0,0,13,[1]
416,4,2,0,-1,11,[4]
417,5,1,0,3,10,[2]
418,7,2,2,0,8,[4]
419,9,2,2,2,6,[1]
420,11,2,4,-1,4,[3]
421,13,2,3,1,2,[4]
423,0,0,2,0,10,[3]
424,2,2,0,1,12,[2]
425,4,2,1,0,10,[3]
426,6,2,1,1,8,[0]
427,8,2,2,-2,6,[1]
428,10,2,0,-1,4,[0]
429,11,1,0,-1,3,[1]
430,11,0,0,1,3,[2]
432,0,0,2,0,15,[0]
433,2,2,0,-2,8,[3]
434,2,0,0,3,8,[5]
435,4,2,1,3,6,[1]
436,6,2,4,-1,4,[4]
437,8,2,3,2,2,[2]
438,10,2,5,0,0,[2]
439,12,2,5,0,-2,[3]
441,0,0,2,0,11,[4]
442,2,2,0,2,12,[2]
443,4,2,2,0,10,[1]
444,6,2,2,-1,8,[5]
445,8,2,1,3,6,[1]
446,10,2,4,-1,4,[0]
447,12,2,3,-2,2,[1]
448,14,2,1,-1,0,[1]
450,0,0,2,0,15,[2]
451,2,2,0,0,13,[1]
452,4,2,0,-1,11,[0]
453,5,1,0,-1,10,[2]
454,5,0,0,2,10,[5]
455,7,2,0,3,8,[0]
456,9,2,3,-2,6,[4]
457,11,2,1,2,4,[5]
459,0,0,2,0,15,[1]
460,2,2,0,-1,11,[5]
461,3,1,0,4,10,[3]
462,5,2,3,1,8,[3]
463,7,2,4,1,6,[3]
464,9,2,5,1,4,[5]
465,11,2,6,3,2,[4]
466,13,2,9,2,0,[2]
468,0,0,2,0,16,[5]
469,2,2,0,3,13,[1]
470,4,2,3,-1,11,[4]
471,6,2,2,2,9,[2]
472,8,2,4,0,7,[2]
473,10,2,4,0,5,[1]
474,12,2,4,-1,3,[3]
475,14,2,3,1,1,[4]
477,0,0,2,0,11,[0]
478,2,2,0,-2,9,[4]
479,2,0,0,4,9,[4]
480,4,2,2,2,7,[1]
481,6,2,4,-1,5,[1]
482,8,2,3,-1,3,[2]
483,10,2,2,0,1,[1]
484,12,2,2,-1,-1,[2]
486,0,0,2,0,11,[3]
487,2,2,0,1,11,[1]
488,4,2,1,-1,9,[1]
489,6,2,0,-1,7,[4]
490,7,1,0,3,6,[3]
491,9,2,2,1,4,[5]
492,11,2,3,3,2,[0]
493,13,2,6,-2,0,[5]
495,0,0,2,0,16,[1]
496,2,2,0,-1,8,[4]
497,3,1,0,3,7,[5]
498,5,2,2,3,5,[4]
499,7,2,5,2,3,[0]
500,9,2,7,-2,1,[4]
501,11,2,5,2,-1,[0]
502,13,2,7,-2,-3,[4]
504,0,0,2,0,13,[4]
505,2,2,0,2,11,[3]
506,4,2,2,1,9,[5]
507,6,2,3,3,7,[4]
508,8,2,6,2,5,[2]
509,10,2,8,0,3,[1]
510,12,2,8,-1,1,[4]
511,14,2,7,2,-1,[5]
513,0,0,2,0,15,[4]
514,2,2,0,2,13,[2]
515,4,2,2,0,11,[1]
516,6,2,2,-1,9,[2]
517,8,2,1,0,7,[0]
518,10,2,1,-2,5,[4]
519,11,1,0,3,4,[2]
520,13,2,2,0,2,[1]
522,0,0,2,0,10,[3]
523,2,2,0,1,9,[4]
524,4,2,1,2,7,[2]
525,6,2,3,0,5,[2]
526,8,2,3,0,3,[4]
527,10,2,3,2,1,[3]
528,12,2,5,1,-1,[0]
529,14,2,6,-2,-3,[0]
531,0,0,2,0,15,[0]
532,2,2,0,-2,14,[5]
533,2,0,0,5,14,[3]
534,4,2,3,1,12,[0]
535,6,2,4,-2,10,[2]
536,8,2,2,0,8,[0]
537,10,2,2,-2,6,[1]
538,12,2,0,-1,4,[5]
540,0,0,2,0,10,[3]
541,2,2,0,1,12,[5]
542,4,2,1,3,10,[0]
543,6,2,4,-2,8,[5]
544,8,2,2,3,6,[5]
545,10,2,5,3,4,[4]
546,12,2,8,2,2,[0]
547,14,2,10,-2,0,[0]
549,0,0,2,0,13,[1]
550,2,2,0,-1,10,[3]
551,3,1,0,2,9,[3]
552,5,2,1,1,7,[1]
553,7,2,2,-1,5,[1]
554,9,2,1,-1,3,[3]
555,11,2,0,1,1,[0]
556,13,2,1,-2,-1,[3]
558,0,0,2,0,10,[3]
559,2,2,0,1,8,[1]
560,4,2,1,-1,6,[4]
561,6,2,0,2,4,[0]
562,8,2,2,-2,2,[2]
563,10,2,0,0,0,[4]
564,12,2,0,2,-2,[0]
565,14,2,2,-2,-4,[5]
567,0,0,2,0,16,[4]
568,2,2,0,2,9,[2]
569,4,2,2,0,7,[0]
570,6,2,2,-2,5,[3]
571,8,2,0,1,3,[3]
572,10,2,1,1,1,[3]
573,12,2,2,1,-1,[1]
574,14,2,3,-1,-3,[2]
576,0,0,2,0,16,[3]
577,2,2,0,1,10,[2]
578,4,2,1,0,8,[0]
579,6,2,1,-2,6,[5]
580,7,1,0,4,5,[2]
581,9,2,3,0,3,[2]
582,11,2,3,0,1,[4]
583,13,2,3,2,-1,[3]
585,0,0,2,0,16,[4]
586,2,2,0,2,10,[2]
587,4,2,2,0,8,[4]
588,6,2,2,2,6,[4]
589,8,2,4,2,4,[5]
590,10,2,6,3,2,[4]
591,12,2,9,2,0,[5]
592,14,2,11,3,-2,[2]
594,0,0,2,0,10,[1]
595,2,2,0,-1,8,[3]
596,3,1,0,2,7,[2]
597,5,2,1,0,5,[2]
598,7,2,1,0,3,[5]
599,9,2,1,3,1,[4]
600,11,2,4,2,-1,[2]
601,13,2,6,0,-3,[1]
603,0,0,2,0,16,[3]
604,2,2,0,1,9,[4]
605,4,2,1,2,7,[4]
606,6,2,3,2,5,[4]
607,8,2,5,2,3,[0]
608,10,2,7,-2,1,[4]
609,12,2,5,2,-1,[4]
610,14,2,7,2,-3,[2]
612,0,0,2,0,15,[4]
613,2,2,0,2,8,[4]
614,4,2,2,2,6,[0]
615,6,2,4,-2,4,[5]
616,8,2,2,3,2,[0]
617,10,2,5,-2,0,[0]
618,12,2,3,-2,-2,[1]
619,14,2,1,-1,-4,[3]
621,0,0,2,0,16,[0]
622,2,2,0,-2,11,[5]
623,2,0,0,5,11,[4]
624,4,2,3,2,9,[2]
625,6,2,5,0,7,[2]
626,8,2,5,0,5,[1]
627,10,2,5,-1,3,[1]
628,12,2,4,-1,1,[3]
630,0,0,2,0,13,[5]
631,2,2,0,3,12,[0]
632,4,2,3,-2,10,[4]
633,6,2,1,2,8,[3]
634,8,2,3,1,6,[0]
635,10,2,4,-2,4,[0]
636,12,2,2,-2,2,[3]
637,14,2,0,1,0,[3]
639,0,0,2,0,13,[2]
640,2,2,0,0,11,[5]
641,4,2,0,3,9,[0]
642,6,2,3,-2,7,[0]
643,8,2,1,-2,5,[3]
644,9,1,0,2,4,[4]
645,11,2,1,2,2,[5]
646,13,2,3,3,0,[0]
648,0,0,2,0,14,[2]
649,2,2,0,0,12,[3]
650,4,2,0,1,10,[0]
651,6,2,1,-2,8,[3]
652,7,1,0,2,7,[3]
653,9,2,1,1,5,[3]
654,11,2,2,1,3,[0]
655,13,2,3,-2,1,[5]
657,0,0,2,0,14,[1]
658,2,2,0,-1,10,[3]
659,3,1,0,2,9,[2]
660,5,2,1,0,7,[3]
661,7,2,1,1,5,[3]
662,9,2,2,1,3,[1]
663,11,2,3,-1,1,[3]
664,13,2,2,1,-1,[1]
666,0,0,2,0,14,[2]
667,2,2,0,0,11,[1]
668,4,2,0,-1,9,[0]
669,5,1,0,-1,8,[0]
670,5,0,0,0,8,[4]
671,5,0,0,4,8,[4]
672,7,2,2,2,6,[4]
673,9,2,4,2,4,[3]
675,0,0,2,0,13,[1]
676,2,2,0,-1,14,[0]
677,3,1,0,-1,13,[2]
678,3,0,0,2,13,[2]
679,5,2,0,0,11,[1]
680,7,2,0,-1,9,[2]
681,8,1,0,1,8,[0]
682,10,2,0,-2,6,[0]
684,0,0,2,0,10,[1]
685,2,2,0,-1,13,[2]
686,3,1,0,1,12,[5]
687,5,2,0,3,10,[0]
688,7,2,3,-2,8,[1]
689,9,2,1,-1,6,[4]
690,11,2,0,2,4,[1]
691,13,2,2,-1,2,[2]
693,0,0,2,0,14,[5]
694,2,2,0,3,11,[1]
695,4,2,3,-1,9,[4]
696,6,2,2,2,7,[5]
697,8,2,4,3,5,[5]
698,10,2,7,3,3,[4]
699,12,2,10,2,1,[1]
700,14,2,12,-1,-1,[0]
702,0,0,2,0,15,[5]
703,2,2,0,3,9,[4]
704,4,2,3,2,7,[0]
705,6,2,5,-2,5,[5]
706,8,2,3,3,3,[4]
707,10,2,6,2,1,[1]
708,12,2,8,-1,-1,[0]
709,14,2,7,-2,-3,[4]
711,0,0,2,0,14,[4]
712,2,2,0,2,11,[1]
713,4,2,2,-1,9,[5]
714,6,2,1,3,7,[1]
715,8,2,4,-1,5,[5]
716,10,2,3,3,3,[4]
717,12,2,6,2,1,[5]
718,14,2,8,3,-1,[4]
720,0,0,2,0,13,[2]
721,2,2,0,0,11,[5]
722,4,2,0,3,9,[3]
723,6,2,3,1,7,[4]
724,8,2,4,2,5,[1]
725,10,2,6,-1,3,[5]
726,12,2,5,3,1,[3]
727,14,2,8,1,-1,[3]
729,0,0,2,0,12,[3]
730,2,2,0,1,13,[1]
731,4,2,1,-1,11,[3]
732,6,2,0,1,9,[2]
733,8,2,1,0,7,[4]
734,10,2,1,2,5,[0]
735,12,2,3,-2,3,[5]
736,14,2,1,3,1,[0]
738,0,0,2,0,13,[3]
739,2,2,0,1,10,[2]
740,4,2,1,0,8,[3]
741,6,2,1,1,6,[1]
742,8,2,2,-1,4,[5]
743,10,2,1,3,2,[0]
744,12,2,4,-2,0,[1]
745,14,2,2,-1,-2,[2]
747,0,0,2,0,13,[2]
748,2,2,0,0,12,[2]
749,4,2,0,0,10,[0]
750,6,2,0,-2,8,[5]
751,6,0,0,5,8,[4]
752,8,2,3,2,6,[3]
753,10,2,5,1,4,[3]
754,12,2,6,1,2,[3]
756,0,0,2,0,15,[1]
757,2,2,0,-1,9,[5]
758,3,1,0,4,8,[0]
759,5,2,3,-2,6,[3]
760,7,2,1,1,4,[3]
761,9,2,2,1,2,[3]
762,11,2,3,1,0,[2]
763,13,2,4,0,-2,[2]
765,0,0,2,0,16,[4]
766,2,2,0,2,14,[3]
767,4,2,2,1,12,[2]
768,6,2,3,0,10,[2]
769,8,2,3,0,8,[0]
770,10,2,3,-2,6,[3]
771,12,2,1,1,4,[3]
772,14,2,2,1,2,[3]
774,0,0,2,0,11,[2]
775,2,2,0,0,12,[0]
776,4,2,0,-2,10,[0]
777,4,0,0,0,10,[1]
778,4,0,0,1,10,[5]
779,5,1,0,4,9,[1]
780,7,2,3,-1,7,[0]
781,9,2,2,-2,5,[1]
783,0,0,2,0,16,[3]
784,2,2,0,1,14,[0]
785,4,2,1,-2,12,[2]
786,5,1,0,1,11,[1]
787,7,2,0,-1,9,[1]
788,8,1,0,0,8,[3]
789,9,1,0,2,7,[0]
790,11,2,1,-2,5,[5]
792,0,0,2,0,16,[4]
793,2,2,0,2,9,[4]
794,4,2,2,2,7,[5]
795,6,2,4,3,5,[3]
796,8,2,7,1,3,[0]
797,10,2,8,-2,1,[0]
798,12,2,6,-2,-1,[0]
799,14,2,4,-2,-3,[1]
801,0,0,2,0,15,[4]
802,2,2,0,2,14,[5]
803,4,2,2,3,12,[5]
804,6,2,5,3,10,[0]
805,8,2,8,-2,8,[1]
806,10,2,6,-1,6,[0]
807,12,2,5,-2,4,[4]
808,14,2,3,2,2,[4]
810,0,0,2,0,14,[0]
811,2,2,0,-2,13,[2]
812,2,0,0,2,13,[4]
813,4,2,0,2,11,[5]
814,6,2,2,3,9,[2]
815,8,2,5,0,7,[5]
816,10,2,5,3,5,[1]
817,12,2,8,-1,3,[1]
819,0,0,2,0,15,[4]
820,2,2,0,2,13,[3]
821,4,2,2,1,11,[4]
822,6,2,3,2,9,[1]
823,8,2,5,-1,7,[5]
824,10,2,4,3,5,[0]
825,12,2,7,-2,3,[1]
826,14,2,5,-1,1,[2]
828,0,0,2,0,11,[2]
829,2,2,0,0,14,[2]
830,4,2,0,0,12,[3]
831,6,2,0,1,10,[4]
832,8,2,1,2,8,[5]
833,10,2,3,3,6,[1]
834,12,2,6,-1,4,[3]
835,14,2,5,1,2,[0]
837,0,0,2,0,11,[3]
838,2,2,0,1,12,[0]
839,4,2,1,-2,10,[3]
840,5,1,0,2,9,[3]
841,7,2,1,1,7,[4]
842,9,2,2,2,5,[2]
843,11,2,4,0,3,[4]
844,13,2,4,2,1,[4]
846,0,0,2,0,10,[3]
847,2,2,0,1,10,[1]
848,4,2,1,-1,8,[2]
849,6,2,0,0,6,[4]
850,8,2,0,2,4,[5]
851,10,2,2,3,2,[5]
852,12,2,5,3,0,[3]
853,14,2,8,1,-2,[0]
855,0,0,2,0,13,[4]
856,2,2,0,2,14,[5]
857,4,2,2,3,12,[5]
858,6,2,5,3,10,[2]
859,8,2,8,0,8,[5]
860,10,2,8,3,6,[2]
861,12,2,11,0,4,[3]
862,14,2,11,1,2,[1]
864,0,0,2,0,16,[4]
865,2,2,0,2,13,[4]
866,4,2,2,2,11,[5]
867,6,2,4,3,9,[4]
868,8,2,7,2,7,[0]
869,10,2,9,-2,5,[3]
870,12,2,7,1,3,[1]
871,14,2,8,-1,1,[3]
873,0,0,2,0,14,[4]
874,2,2,0,2,11,[5]
875,4,2,2,3,9,[4]
876,6,2,5,2,7,[2]
877,8,2,7,0,5,[5]
878,10,2,7,3,3,[5]
879,12,2,10,3,1,[4]
880,14,2,13,2,-1,[3]
882,0,0,2,0,10,[1]
883,2,2,0,-1,9,[1]
884,3,1,0,0,8,[4]
885,4,1,0,3,7,[4]
886,6,2,2,2,5,[3]
887,8,2,4,1,3,[4]
888,10,2,5,2,1,[5]
889,12,2,7,3,-1,[4]
891,0,0,2,0,13,[1]
892,2,2,0,-1,10,[4]
893,3,1,0,3,9,[4]
894,5,2,2,2,7,[5]
895,7,2,4,3,5,[5]
896,9,2,7,3,3,[3]
897,11,2,10,1,1,[2]
898,13,2,11,0,-1,[5]
900,0,0,2,0,16,[1]
901,2,2,0,-1,14,[5]
902,3,1,0,4,13,[4]
903,5,2,3,2,11,[1]
904,7,2,5,-1,9,[4]
905,9,2,4,2,7,[4]
906,11,2,6,2,5,[5]
907,13,2,8,3,3,[4]
909,0,0,2,0,13,[3]
910,2,2,0,1,10,[1]
911,4,2,1,-1,8,[0]
912,6,2,0,-2,6,[2]
913,6,0,0,2,6,[2]
914,8,2,0,0,4,[5]
915,10,2,0,3,2,[0]
916,12,2,3,-2,0,[5]
918,0,0,2,0,16,[4]
919,2,2,0,2,8,[3]
920,4,2,2,1,6,[0]
921,6,2,3,-2,4,[5]
922,8,2,1,3,2,[3]
923,10,2,4,1,0,[0]
924,12,2,5,-2,-2,[2]
925,14,2,3,0,-4,[5]
927,0,0,2,0,15,[3]
928,2,2,0,1,13,[4]
929,4,2,1,2,11,[0]
930,6,2,3,-2,9,[2]
931,8,2,1,0,7,[4]
932,10,2,1,2,5,[0]
933,12,2,3,-2,3,[3]
934,14,2,1,1,1,[2]
936,0,0,2,0,11,[2]
937,2,2,0,0,14,[0]
938,4,2,0,-2,12,[3]
939,4,0,0,3,12,[2]
940,6,2,1,0,10,[2]
941,8,2,1,0,8,[1]
942,10,2,1,-1,6,[5]
943,12,2,0,3,4,[0]
945,0,0,2,0,15,[1]
946,2,2,0,-1,8,[5]
947,3,1,0,4,7,[3]
948,5,2,3,1,5,[5]
949,7,2,4,3,3,[0]
950,9,2,7,-2,1,[4]
951,11,2,5,2,-1,[0]
952,13,2,7,-2,-3,[3]
954,0,0,2,0,10,[4]
955,2,2,0,2,13,[5]
956,4,2,2,3,11,[1]
957,6,2,5,-1,9,[2]
958,8,2,4,0,7,[5]
959,10,2,4,3,5,[0]
960,12,2,7,-2,3,[5]
961,14,2,5,3,1,[4]
963,0,0,2,0,13,[0]
964,2,2,0,-2,12,[5]
965,2,0,0,5,12,[0]
966,4,2,3,-2,10,[4]
967,6,2,1,2,8,[2]
968,8,2,3,0,6,[0]
969,10,2,3,-2,4,[5]
970,12,2,1,3,2,[1]
972,0,0,2,0,12,[3]
973,2,2,0,1,8,[4]
974,4,2,1,2,6,[1]
975,6,2,3,-1,4,[1]
976,8,2,2,-1,2,[5]
977,10,2,1,3,0,[5]
978,12,2,4,3,-2,[4]
979,14,2,7,2,-4,[3]
981,0,0,2,0,13,[3]
982,2,2,0,1,12,[0]
983,4,2,1,-2,10,[0]
984,5,1,0,-1,9,[5]
985,5,0,0,5,9,[2]
986,7,2,3,0,7,[4]
987,9,2,3,2,5,[4]
988,11,2,5,2,3,[0]
990,0,0,2,0,13,[3]
991,2,2,0,1,8,[0]
992,4,2,1,-2,6,[5]
993,5,1,0,4,5,[0]
994,7,2,3,-2,3,[0]
995,9,2,1,-2,1,[5]
996,10,1,0,4,0,[0]
997,12,2,3,-2,-2,[1]
999,0,0,2,0,13,[4]
1000,2,2,0,2,10,[2]
1001,4,2,2,0,8,[1]
1002,6,2,2,-1,6,[4]
1003,8,2,1,2,4,[2]
1004,10,2,3,0,2,[1]
1005,12,2,3,-1,0,[1]
1006,14,2,2,-1,-2,[1]
1008,0,0,2,0,12,[5]
1009,2,2,0,3,10,[4]
1010,4,2,3,2,8,[4]
1011,6,2,5,2,6,[1]
1012,8,2,7,-1,4,[3]
1013,10,2,6,1,2,[4]
1014,12,2,7,2,0,[4]
1015,14,2,9,2,-2,[0]
1017,0,0,2,0,14,[0]
1018,2,2,0,-2,10,[1]
1019,2,0,0,1,10,[2]
1020,3,1,0,1,9,[0]
1021,5,2,0,-2,7,[2]
1022,5,0,0,2,7,[3]
1023,7,2,0,1,5,[5]
1024,9,2,1,3,3,[0]
1026,0,0,2,0,14,[0]
1027,2,2,0,-2,13,[4]
1028,2,0,0,4,13,[3]
1029,4,2,2,1,11,[2]
1030,6,2,3,0,9,[1]
1031,8,2,3,-1,7,[3]
1032,10,2,2,1,5,[4]
1033,12,2,3,2,3,[0]
1035,0,0,2,0,10,[3]
1036,2,2,0,1,13,[5]
1037,4,2,1,3,11,[0]
1038,6,2,4,-2,9,[4]
1039,8,2,2,2,7,[5]
1040,10,2,4,3,5,[5]
1041,12,2,7,3,3,[0]
1042,14,2,10,-2,1,[5]
1044,0,0,2,0,13,[0]
1045,2,2,0,-2,11,[3]
1046,2,0,0,3,11,[4]
1047,4,2,1,2,9,[0]
1048,6,2,3,-2,7,[5]
1049,8,2,1,3,5,[1]
1050,10,2,4,-1,3,[5]
1051,12,2,3,3,1,[0]
1053,0,0,2,0,15,[0]
1054,2,2,0,-2,14,[1]
1055,2,0,0,1,14,[2]
1056,3,1,0,1,13,[1]
1057,5,2,0,-1,11,[1]
1058,6,1,0,0,10,[4]
1059,7,1,0,3,9,[3]
1060,9,2,2,1,7,[3]
1062,0,0,2,0,11,[1]
1063,2,2,0,-1,14,[1]
1064,3,1,0,0,13,[3]
1065,4,1,0,2,12,[0]
1066,6,2,1,-2,10,[2]
1067,7,1,0,1,9,[4]
1068,9,2,0,2,7,[0]
1069,11,2,2,-2,5,[2]
1071,0,0,2,0,16,[2]
1072,2,2,0,0,8,[3]
1073,4,2,0,1,6,[2]
1074,6,2,1,0,4,[0]
1075,8,2,1,-2,2,[2]
1076,9,1,0,1,1,[0]
1077,11,2,0,-2,-1,[5]
1078,11,0,0,5,-1,[1]
1080,0,0,2,0,16,[0]
1081,2,2,0,-2,13,[2]
1082,2,0,0,2,13,[2]
1083,4,2,0,0,11,[4]
1084,6,2,0,2,9,[2]
1085,8,2,2,0,7,[3]
1086,10,2,2,1,5,[2]
1087,12,2,3,0,3,[1]
1089,0,0,2,0,12,[1]
1090,2,2,0,-1,13,[5]
1091,3,1,0,4,12,[2]
1092,5,2,3,0,10,[0]
1093,7,2,3,-2,8,[0]
1094,9,2,1,-2,6,[4]
1095,10,1,0,3,5,[4]
1096,12,2,2,2,3,[3]
1098,0,0,2,0,14,[1]
1099,2,2,0,-1,10,[5]
1100,3,1,0,4,9,[1]
1101,5,2,3,-1,7,[1]
1102,7,2,2,-1,5,[4]
1103,9,2,1,2,3,[0]
1104,11,2,3,-2,1,[3]
1105,13,2,1,1,-1,[0]
1107,0,0,2,0,15,[4]
1108,2,2,0,2,13,[1]
1109,4,2,2,-1,11,[5]
1110,6,2,1,3,9,[4]
1111,8,2,4,2,7,[2]
1112,10,2,6,0,5,[1]
1113,12,2,6,-1,3,[3]
1114,14,2,5,1,1,[4]
1116,0,0,2,0,16,[5]
1117,2,2,0,3,14,[2]
1118,4,2,3,0,12,[0]
1119,6,2,3,-2,10,[3]
1120,8,2,1,1,8,[2]
1121,10,2,2,0,6,[4]
1122,12,2,2,2,4,[4]
1123,14,2,4,2,2,[2]
1125,0,0,2,0,13,[1]
1126,2,2,0,-1,10,[3]
1127,3,1,0,2,9,[1]
1128,5,2,1,-1,7,[3]
1129,7,2,0,1,5,[5]
1130,9,2,1,3,3,[4]
1131,11,2,4,2,1,[5]
1132,13,2,6,3,-1,[3]
1134,0,0,2,0,10,[2]
1135,2,2,0,0,13,[0]
1136,4,2,0,-2,11,[5]
1137,4,0,0,5,11,[3]
1138,6,2,3,1,9,[2]
1139,8,2,4,0,7,[2]
1140,10,2,4,0,5,[5]
1141,12,2,4,3,3,[1]
1143,0,0,2,0,13,[1]
1144,2,2,0,-1,14,[2]
1145,3,1,0,1,13,[3]
1146,5,2,0,1,11,[5]
1147,7,2,1,3,9,[0]
1148,9,2,4,-2,7,[3]
1149,11,2,2,1,5,[0]
1150,13,2,3,-2,3,[4]
1152,0,0,2,0,13,[5]
1153,2,2,0,3,12,[3]
1154,4,2,3,1,10,[4]
1155,6,2,4,2,8,[3]
1156,8,2,6,1,6,[0]
1157,10,2,7,-2,4,[3]
1158,12,2,5,1,2,[2]
1159,14,2,6,0,0,[4]
1161,0,0,2,0,12,[4]
1162,2,2,0,2,9,[1]
1163,4,2,2,-1,7,[2]
1164,6,2,1,0,5,[4]
1165,8,2,1,2,3,[1]
1166,10,2,3,-1,1,[0]
1167,12,2,2,-2,-1,[2]
1168,14,2,0,0,-3,[5]
1170,0,0,2,0,14,[2]
1171,2,2,0,0,8,[3]
1172,4,2,0,1,6,[1]
1173,6,2,1,-1,4,[0]
1174,8,2,0,-2,2,[0]
1175,8,0,0,0,2,[2]
1176,8,0,0,2,2,[2]
1177,10,2,0,0,0,[4]
1179,0,0,2,0,15,[1]
1180,2,2,0,-1,14,[4]
1181,3,1,0,3,13,[0]
1182,5,2,2,-2,11,[2]
1183,7,2,0,0,9,[2]
1184,9,2,0,0,7,[0]
1185,11,2,0,-2,5,[0]
1186,11,0,0,0,5,[0]
1188,0,0,2,0,11,[4]
1189,2,2,0,2,11,[4]
1190,4,2,2,2,9,[2]
1191,6,2,4,0,7,[5]
1192,8,2,4,3,5,[2]
1193,10,2,7,0,3,[3]
1194,12,2,7,1,1,[4]
1195,14,2,8,2,-1,[5]
1197,0,0,2,0,10,[5]
1198,2,2,0,3,13,[1]
1199,4,2,3,-1,11,[3]
1200,6,2,2,1,9,[0]
1201,8,2,3,-2,7,[5]
1202,10,2,1,3,5,[2]
1203,12,2,4,0,3,[2]
1204,14,2,4,0,1,[2]
1206,0,0,2,0,15,[5]
1207,2,2,0,3,14,[1]
1208,4,2,3,-1,12,[1]
1209,6,2,2,-1,10,[5]
1210,8,2,1,3,8,[4]
1211,10,2,4,2,6,[5]
1212,12,2,6,3,4,[2]
1213,14,2,9,0,2,[3]
1215,0,0,2,0,15,[0]
1216,2,2,0,-2,9,[4]
1217,2,0,0,4,9,[1]
1218,4,2,2,-1,7,[4]
1219,6,2,1,2,5,[4]
1220,8,2,3,2,3,[4]
1221,10,2,5,2,1,[3]
1222,12,2,7,1,-1,[3]
1224,0,0,2,0,14,[5]
1225,2,2,0,3,10,[5]
1226,4,2,3,3,8,[3]
1227,6,2,6,1,6,[0]
1228,8,2,7,-2,4,[3]
1229,10,2,5,1,2,[3]
1230,12,2,6,1,0,[5]
1231,14,2,7,3,-2,[3]
1233,0,0,2,0,15,[1]
1234,2,2,0,-1,10,[4]
1235,3,1,0,3,9,[0]
1236,5,2,2,-2,7,[5]
1237,7,2,0,3,5,[1]
1238,9,2,3,-1,3,[3]
1239,11,2,2,1,1,[5]
1240,13,2,3,3,-1,[4]
1242,0,0,2,0,15,[3]
1243,2,2,0,1,12,[5]
1244,4,2,1,3,10,[1]
1245,6,2,4,-1,8,[5]
1246,8,2,3,3,6,[1]
1247,10,2,6,-1,4,[1]
1248,12,2,5,-1,2,[3]
1249,14,2,4,1,0,[3]
1251,0,0,2,0,11,[2]
1252,2,2,0,0,10,[2]
1253,4,2,0,0,8,[5]
1254,6,2,0,3,6,[5]
1255,8,2,3,3,4,[3]
1256,10,2,6,1,2,[0]
1257,12,2,7,-2,0,[5]
1258,14,2,5,3,-2,[2]
1260,0,0,2,0,14,[4]
1261,2,2,0,2,11,[1]
1262,4,2,2,-1,9,[2]
1263,6,2,1,0,7,[0]
1264,8,2,1,-2,5,[2]
1265,9,1,0,1,4,[4]
1266,11,2,0,2,2,[4]
1267,13,2,2,2,0,[4]
1269,0,0,2,0,13,[3]
1270,2,2,0,1,12,[2]
1271,4,2,1,0,10,[0]
1272,6,2,1,-2,8,[3]
1273,7,1,0,2,7,[5]
1274,9,2,1,3,5,[0]
1275,11,2,4,-2,3,[2]
1276,13,2,2,0,1,[0]
1278,0,0,2,0,13,[5]
1279,2,2,0,3,12,[0]
1280,4,2,3,-2,10,[3]
1281,6,2,1,1,8,[4]
1282,8,2,2,2,6,[4]
1283,10,2,4,2,4,[1]
1284,12,2,6,-1,2,[1]
1285,14,2,5,-1,0,[2]
1287,0,0,2,0,10,[2]
1288,2,2,0,0,12,[0]
1289,4,2,0,-2,10,[0]
1290,4,0,0,0,10,[3]
1291,4,0,0,3,10,[0]
1292,6,2,1,-2,8,[3]
1293,7,1,0,2,7,[4]
1294,9,2,1,2,5,[2]
1296,0,0,2,0,16,[4]
1297,2,2,0,2,10,[3]
1298,4,2,2,1,8,[1]
1299,6,2,3,-1,6,[2]
1300,8,2,2,0,4,[5]
1301,10,2,2,3,2,[5]
1302,12,2,5,3,0,[4]
1303,14,2,8,2,-2,[5]
1305,0,0,2,0,14,[1]
1306,2,2,0,-1,8,[2]
1307,3,1,0,1,7,[4]
1308,5,2,0,2,5,[1]
1309,7,2,2,-1,3,[3]
1310,9,2,1,1,1,[4]
1311,11,2,2,2,-1,[4]
1312,13,2,4,2,-3,[2]
1314,0,0,2,0,15,[0]
1315,2,2,0,-2,10,[2]
1316,2,0,0,2,10,[2]
1317,4,2,0,0,8,[1]
1318,6,2,0,-1,6,[2]
1319,7,1,0,1,5,[1]
1320,9,2,0,-1,3,[1]
1321,10,1,0,0,2,[3]
1323,0,0,2,0,10,[2]
1324,2,2,0,0,9,[2]
1325,4,2,0,0,7,[5]
1326,6,2,0,3,5,[1]
1327,8,2,3,-1,3,[2]
1328,10,2,2,0,1,[5]
1329,12,2,2,3,-1,[0]
1330,14,2,5,-2,-3,[1]
1332,0,0,2,0,11,[0]
1333,2,2,0,-2,13,[4]
1334,2,0,0,4,13,[5]
1335,4,2,2,3,11,[1]
1336,6,2,5,-1,9,[3]
1337,8,2,4,1,7,[1]
1338,10,2,5,-1,5,[3]
1339,12,2,4,1,3,[4]
1341,0,0,2,0,11,[3]
1342,2,2,0,1,14,[4]
1343,4,2,1,2,12,[4]
1344,6,2,3,2,10,[1]
1345,8,2,5,-1,8,[1]
1346,10,2,4,-1,6,[0]
1347,12,2,3,-2,4,[0]
1348,14,2,1,-2,2,[4]
1350,0,0,2,0,12,[1]
1351,2,2,0,-1,8,[5]
1352,3,1,0,4,7,[0]
1353,5,2,3,-2,5,[2]
1354,7,2,1,0,3,[2]
1355,9,2,1,0,1,[0]
1356,11,2,1,-2,-1,[1]
1357,12,1,0,0,-2,[2]
1359,0,0,2,0,13,[0]
1360,2,2,0,-2,8,[5]
1361,2,0,0,5,8,[4]
1362,4,2,3,2,6,[1]
1363,6,2,5,-1,4,[5]
1364,8,2,4,3,2,[5]
1365,10,2,7,3,0,[1]
1366,12,2,10,-1,-2,[5]
1368,0,0,2,0,10,[0]
1369,2,2,0,-2,8,[0]
1370,2,0,0,0,8,[3]
1371,2,0,0,3,8,[0]
1372,4,2,1,-2,6,[1]
1373,5,1,0,0,5,[1]
1374,6,1,0,0,4,[0]
1375,7,1,0,-1,3,[2]
1377,0,0,2,0,12,[1]
1378,2,2,0,-1,11,[0]
1379,3,1,0,-1,10,[0]
1380,3,0,0,0,10,[5]
1381,3,0,0,5,10,[2]
1382,5,2,3,0,8,[4]
1383,7,2,3,2,6,[1]
1384,9,2,5,-1,4,[2]
1386,0,0,2,0,11,[5]
1387,2,2,0,3,13,[4]
1388,4,2,3,2,11,[4]
1389,6,2,5,2,9,[2]
1390,8,2,7,0,7,[1]
1391,10,2,7,-1,5,[4]
1392,12,2,6,2,3,[3]
1393,14,2,8,1,1,[0]
1395,0,0,2,0,15,[4]
1396,2,2,0,2,10,[2]
1397,4,2,2,0,8,[2]
1398,6,2,2,0,6,[4]
1399,8,2,2,2,4,[5]
1400,10,2,4,3,2,[4]
1401,12,2,7,2,0,[1]
1402,14,2,9,-1,-2,[4]
1404,0,0,2,0,16,[0]
1405,2,2,0,-2,9,[5]
1406,2,0,0,5,9,[2]
1407,4,2,3,0,7,[3]
1408,6,2,3,1,5,[3]
1409,8,2,4,1,3,[4]
1410,10,2,5,2,1,[3]
1411,12,2,7,1,-1,[4]
1413,0,0,2,0,12,[3]
1414,2,2,0,1,8,[0]
1415,4,2,1,-2,6,[4]
1416,5,1,0,3,5,[5]
1417,7,2,2,3,3,[2]
1418,9,2,5,0,1,[4]
1419,11,2,5,2,-1,[0]
1420,13,2,7,-2,-3,[0]
1422,0,0,2,0,14,[0]
1423,2,2,0,-2,14,[1]
1424,2,0,0,1,14,[3]
1425,3,1,0,2,13,[5]
1426,5,2,1,3,11,[4]
1427,7,2,4,2,9,[0]
1428,9,2,6,-2,7,[5]
1429,11,2,4,3,5,[1]
1431,0,0,2,0,13,[4]
1432,2,2,0,2,11,[4]
1433,4,2,2,2,9,[2]
1434,6,2,4,0,7,[4]
1435,8,2,4,2,5,[1]
1436,10,2,6,-1,3,[2]
1437,12,2,5,0,1,[4]
1438,14,2,5,2,-1,[3]
1440,0,0,2,0,14,[2]
1441,2,2,0,0,11,[0]
1442,4,2,0,-2,9,[2]
1443,4,0,0,2,9,[4]
1444,6,2,0,2,7,[5]
1445,8,2,2,3,5,[4]
1446,10,2,5,2,3,[5]
1447,12,2,7,3,1,[2]
1449,0,0,2,0,13,[2]
1450,2,2,0,0,12,[3]
1451,4,2,0,1,10,[0]
1452,6,2,1,-2,8,[0]
1453,7,1,0,-1,7,[5]
1454,7,0,0,5,7,[5]
1455,9,2,3,3,5,[4]
1456,11,2,6,2,3,[1]
1458,0,0,2,0,13,[0]
1459,2,2,0,-2,8,[4]
1460,2,0,0,4,8,[5]
1461,4,2,2,3,6,[0]
1462,6,2,5,-2,4,[0]
1463,8,2,3,-2,2,[5]
1464,10,2,1,3,0,[0]
1465,12,2,4,-2,-2,[0]
1467,0,0,2,0,10,[2]
1468,2,2,0,0,11,[3]
1469,4,2,0,1,9,[3]
1470,6,2,1,1,7,[2]
1471,8,2,2,0,5,[4]
1472,10,2,2,2,3,[1]
1473,12,2,4,-1,1,[0]
1474,14,2,3,-2,-1,[4]
1476,0,0,2,0,15,[4]
1477,2,2,0,2,8,[2]
1478,4,2,2,0,6,[0]
1479,6,2,2,-2,4,[4]
1480,8,2,0,2,2,[5]
1481,10,2,2,3,0,[4]
1482,12,2,5,2,-2,[4]
1483,14,2,7,2,-4,[0]
1485,0,0,2,0,11,[0]
1486,2,2,0,-2,13,[1]
1487,2,0,0,1,13,[4]
1488,3,1,0,3,12,[4]
1489,5,2,2,2,10,[1]
1490,7,2,4,-1,8,[5]
1491,9,2,3,3,6,[4]
1492,11,2,6,2,4,[2]
1494,0,0,2,0,10,[0]
1495,2,2,0,-2,8,[2]
1496,2,0,0,2,8,[3]
1497,4,2,0,1,6,[2]
1498,6,2,1,0,4,[5]
1499,8,2,1,3,2,[0]
1500,10,2,4,-2,0,[2]
1501,12,2,2,0,-2,[3]
1503,0,0,2,0,16,[2]
1504,2,2,0,0,12,[4]
1505,4,2,0,2,10,[5]
1506,6,2,2,3,8,[3]
1507,8,2,5,1,6,[3]
1508,10,2,6,1,4,[0]
1509,12,2,7,-2,2,[1]
1510,14,2,5,-1,0,[5]
1512,0,0,2,0,10,[4]
1513,2,2,0,2,9,[3]
1514,4,2,2,1,7,[0]
1515,6,2,3,-2,5,[3]
1516,8,2,1,1,3,[5]
1517,10,2,2,3,1,[3]
1518,12,2,5,1,-1,[5]
1519,14,2,6,3,-3,[1]
1521,0,0,2,0,16,[5]
1522,2,2,0,3,14,[3]
1523,4,2,3,1,12,[0]
1524,6,2,4,-2,10,[3]
1525,8,2,2,1,8,[4]
1526,10,2,3,2,6,[5]
1527,12,2,5,3,4,[3]
1528,14,2,8,1,2,[0]
1530,0,0,2,0,15,[5]
1531,2,2,0,3,13,[2]
1532,4,2,3,0,11,[0]
1533,6,2,3,-2,9,[5]
1534,8,2,1,3,7,[1]
1535,10,2,4,-1,5,[2]
1536,12,2,3,0,3,[3]
1537,14,2,3,1,1,[5]
1539,0,0,2,0,15,[1]
1540,2,2,0,-1,8,[0]
1541,3,1,0,-1,7,[1]
1542,3,0,0,1,7,[5]
1543,4,1,0,4,6,[5]
1544,6,2,3,3,4,[5]
1545,8,2,6,3,2,[1]
1546,10,2,9,-1,0,[1]
1548,0,0,2,0,16,[5]
1549,2,2,0,3,13,[2]
1550,4,2,3,0,11,[1]
1551,6,2,3,-1,9,[2]
1552,8,2,2,0,7,[5]
1553,10,2,2,3,5,[2]
1554,12,2,5,0,3,[2]
1555,14,2,5,0,1,[0]
1557,0,0,2,0,13,[2]
1558,2,2,0,0,10,[4]
1559,4,2,0,2,8,[3]
1560,6,2,2,1,6,[0]
1561,8,2,3,-2,4,[0]
1562,10,2,1,-2,2,[3]
1563,11,1,0,2,1,[2]
1564,13,2,1,0,-1,[3]
1566,0,0,2,0,15,[5]
1567,2,2,0,3,13,[3]
1568,4,2,3,1,11,[0]
1569,6,2,4,-2,9,[4]
1570,8,2,2,2,7,[2]
1571,10,2,4,0,5,[3]
1572,12,2,4,1,3,[3]
1573,14,2,5,1,1,[5]
1575,0,0,2,0,15,[5]
1576,2,2,0,3,12,[0]
1577,4,2,3,-2,10,[1]
1578,6,2,1,-1,8,[2]
1579,8,2,0,0,6,[3]
1580,10,2,0,1,4,[4]
1581,12,2,1,2,2,[0]
1582,14,2,3,-2,0,[1]
1584,0,0,2,0,11,[1]
1585,2,2,0,-1,13,[0]
1586,3,1,0,-1,12,[5]
1587,3,0,0,5,12,[5]
1588,5,2,3,3,10,[1]
1589,7,2,6,-1,8,[0]
1590,9,2,5,-2,6,[3]
1591,11,2,3,1,4,[3]
1593,0,0,2,0,14,[0]
1594,2,2,0,-2,12,[5]
1595,2,0,0,5,12,[3]
1596,4,2,3,1,10,[1]
1597,6,2,4,-1,8,[4]
1598,8,2,3,2,6,[4]
1599,10,2,5,2,4,[2]
1600,12,2,7,0,2,[4]
1602,0,0,2,0,12,[3]
1603,2,2,0,1,9,[4]
1604,4,2,1,2,7,[3]
1605,6,2,3,1,5,[4]
1606,8,2,4,2,3,[2]
1607,10,2,6,0,1,[4]
1608,12,2,6,2,-1,[4]
1609,14,2,8,2,-3,[2]
1611,0,0,2,0,11,[1]
1612,2,2,0,-1,10,[4]
1613,3,1,0,3,9,[0]
1614,5,2,2,-2,7,[1]
1615,7,2,0,-1,5,[4]
1616,8,1,0,3,4,[0]
1617,10,2,2,-2,2,[0]
1618,12,2,0,-2,0,[3]
1620,0,0,2,0,15,[1]
1621,2,2,0,-1,12,[1]
1622,3,1,0,0,11,[4]
1623,4,1,0,3,10,[3]
1624,6,2,2,1,8,[4]
1625,8,2,3,2,6,[2]
1626,10,2,5,0,4,[5]
1627,12,2,5,3,2,[0]
1629,0,0,2,0,15,[2]
1630,2,2,0,0,9,[3]
1631,4,2,0,1,7,[1]
1632,6,2,1,-1,5,[3]
1633,8,2,0,1,3,[1]
1634,10,2,1,-1,1,[1]
1635,12,2,0,-1,-1,[1]
1636,13,1,0,0,-2,[5]
1638,0,0,2,0,16,[4]
1639,2,2,0,2,14,[0]
1640,4,2,2,-2,12,[1]
1641,6,2,0,-1,10,[0]
1642,7,1,0,-1,9,[0]
1643,7,0,0,0,9,[4]
1644,7,0,0,4,9,[2]
1645,9,2,2,0,7,[2]
1647,0,0,2,0,10,[4]
1648,2,2,0,2,9,[3]
1649,4,2,2,1,7,[2]
1650,6,2,3,0,5,[0]
1651,8,2,3,-2,3,[4]
1652,10,2,1,2,1,[3]
1653,12,2,3,1,-1,[0]
1654,14,2,4,-2,-3,[3]
1656,0,0,2,0,11,[0]
1657,2,2,0,-2,12,[3]
1658,2,0,0,3,12,[4]
1659,4,2,1,2,10,[0]
1660,6,2,3,-2,8,[0]
1661,8,2,1,-2,6,[5]
1662,9,1,0,4,5,[0]
1663,11,2,3,-2,3,[3]
1665,0,0,2,0,12,[2]
1666,2,2,0,0,8,[0]
1667,4,2,0,-2,6,[4]
1668,4,0,0,4,6,[2]
1669,6,2,2,0,4,[3]
1670,8,2,2,1,2,[3]
1671,10,2,3,1,0,[3]
1672,12,2,4,1,-2,[2]
1674,0,0,2,0,14,[2]
1675,2,2,0,0,10,[4]
1676,4,2,0,2,8,[1]
1677,6,2,2,-1,6,[0]
1678,8,2,1,-2,4,[5]
1679,9,1,0,4,3,[0]
1680,11,2,3,-2,1,[4]
1681,13,2,1,2,-1,[4]
1683,0,0,2,0,11,[4]
1684,2,2,0,2,13,[4]
1685,4,2,2,2,11,[3]
1686,6,2,4,1,9,[5]
1687,8,2,5,3,7,[2]
1688,10,2,8,0,5,[4]
1689,12,2,8,2,3,[4]
1690,14,2,10,2,1,[4]
1692,0,0,2,0,16,[0]
1693,2,2,0,-2,9,[2]
1694,2,0,0,2,9,[4]
1695,4,2,0,2,7,[5]
1696,6,2,2,3,5,[0]
1697,8,2,5,-2,3,[4]
1698,10,2,3,2,1,[4]
1699,12,2,5,2,-1,[4]
1701,0,0,2,0,16,[5]
1702,2,2,0,3,14,[4]
1703,4,2,3,2,12,[1]
1704,6,2,5,-1,10,[2]
1705,8,2,4,0,8,[3]
1706,10,2,4,1,6,[5]
1707,12,2,5,3,4,[2]
1708,14,2,8,0,2,[3]
1710,0,0,2,0,16,[3]
1711,2,2,0,1,9,[0]
1712,4,2,1,-2,7,[5]
1713,5,1,0,4,6,[3]
1714,7,2,3,1,4,[2]
1715,9,2,4,0,2,[3]
1716,11,2,4,1,0,[1]
1717,13,2,5,-1,-2,[3]
1719,0,0,2,0,10,[5]
1720,2,2,0,3,13,[0]
1721,4,2,3,-2,11,[1]
1722,6,2,1,-1,9,[5]
1723,8,2,0,3,7,[2]
1724,10,2,3,0,5,[3]
1725,12,2,3,1,3,[2]
1726,14,2,4,0,1,[4]
1728,0,0,2,0,12,[4]
1729,2,2,0,2,14,[1]
1730,4,2,2,-1,12,[4]
1731,6,2,1,2,10,[2]
1732,8,2,3,0,8,[3]
1733,10,2,3,1,6,[4]
1734,12,2,4,2,4,[2]
1735,14,2,6,0,2,[0]
1737,0,0,2,0,13,[2]
1738,2,2,0,0,8,[2]
1739,4,2,0,0,6,[4]
1740,6,2,0,2,4,[0]
1741,8,2,2,-2,2,[4]
1742,10,2,0,2,0,[4]
1743,12,2,2,2,-2,[1]
1744,14,2,4,-1,-4,[3]
1746,0,0,2,0,13,[4]
1747,2,2,0,2,10,[2]
1748,4,2,2,0,8,[4]
1749,6,2,2,2,6,[2]
1750,8,2,4,0,4,[4]
1751,10,2,4,2,2,[1]
1752,12,2,6,-1,0,[0]
1753,14,2,5,-2,-2,[0]
1755,0,0,2,0,11,[4]
1756,2,2,0,2,8,[0]
1757,4,2,2,-2,6,[0]
1758,6,2,0,-2,4,[1]
1759,6,0,0,1,4,[1]
1760,7,1,0,0,3,[2]
1761,8,1,0,1,2,[2]
1762,10,2,0,0,0,[5]
1764,0,0,2,0,16,[3]
1765,2,2,0,1,11,[4]
1766,4,2,1,2,9,[2]
1767,6,2,3,0,7,[4]
1768,8,2,3,2,5,[0]
1769,10,2,5,-2,3,[4]
1770,12,2,3,2,1,[4]
1771,14,2,5,2,-1,[5]
1773,0,0,2,0,16,[1]
1774,2,2,0,-1,12,[2]
1775,3,1,0,1,11,[3]
1776,5,2,0,1,9,[4]
1777,7,2,1,2,7,[4]
1778,9,2,3,2,5,[4]
1779,11,2,5,2,3,[4]
1780,13,2,7,2,1,[5]
1782,0,0,2,0,14,[0]
1783,2,2,0,-2,10,[3]
1784,2,0,0,3,10,[4]
1785,4,2,1,2,8,[5]
1786,6,2,3,3,6,[4]
1787,8,2,6,2,4,[2]
1788,10,2,8,0,2,[4]
1789,12,2,8,2,0,[4]
1791,0,0,2,0,16,[0]
1792,2,2,0,-2,14,[2]
1793,2,0,0,2,14,[3]
1794,4,2,0,1,12,[3]
1795,6,2,1,1,10,[5]
1796,8,2,2,3,8,[3]
1797,10,2,5,1,6,[1]
1798,12,2,6,-1,4,[5]
1800,0,0,2,0,13,[3]
1801,2,2,0,1,14,[4]
1802,4,2,1,2,12,[2]
1803,6,2,3,0,10,[0]
1804,8,2,3,-2,8,[3]
1805,10,2,1,1,6,[0]
1806,12,2,2,-2,4,[2]
1807,14,2,0,0,2,[2]
1809,0,0,2,0,12,[1]
1810,2,2,0,-1,14,[2]
1811,3,1,0,1,13,[1]
1812,5,2,0,-1,11,[2]
1813,6,1,0,1,10,[3]
1814,8,2,0,1,8,[4]
1815,10,2,1,2,6,[3]
1816,12,2,3,1,4,[0]
1818,0,0,2,0,16,[0]
1819,2,2,0,-2,13,[3]
1820,2,0,0,3,13,[1]
1821,4,2,1,-1,11,[4]
1822,6,2,0,2,9,[5]
1823,8,2,2,3,7,[0]
1824,10,2,5,-2,5,[2]
1825,12,2,3,0,3,[1]
1827,0,0,2,0,16,[2]
1828,2,2,0,0,9,[3]
1829,4,2,0,1,7,[5]
1830,6,2,1,3,5,[5]
1831,8,2,4,3,3,[1]
1832,10,2,7,-1,1,[3]
1833,12,2,6,1,-1,[2]
1834,14,2,7,0,-3,[5]
1836,0,0,2,0,10,[3]
1837,2,2,0,1,8,[0]
1838,4,2,1,-2,6,[4]
1839,5,1,0,3,5,[3]
1840,7,2,2,1,3,[4]
1841,9,2,3,2,1,[0]
1842,11,2,5,-2,-1,[5]
1843,13,2,3,3,-3,[2]
1845,0,0,2,0,16,[3]
1846,2,2,0,1,8,[0]
1847,4,2,1,-2,6,[1]
1848,5,1,0,0,5,[3]
1849,6,1,0,2,4,[1]
1850,8,2,1,-1,2,[3]
1851,10,2,0,1,0,[4]
1852,12,2,1,2,-2,[5]
1854,0,0,2,0,12,[2]
1855,2,2,0,0,12,[3]
1856,4,2,0,1,10,[4]
1857,6,2,1,2,8,[3]
1858,8,2,3,1,6,[1]
1859,10,2,4,-1,4,[0]
1860,12,2,3,-2,2,[2]
1861,14,2,1,0,0,[1]
1863,0,0,2,0,10,[0]
1864,2,2,0,-2,11,[5]
1865,2,0,0,5,11,[0]
1866,4,2,3,-2,9,[3]
1867,6,2,1,1,7,[2]
1868,8,2,2,0,5,[1]
1869,10,2,2,-1,3,[1]
1870,12,2,1,-1,1,[1]
1872,0,0,2,0,12,[1]
1873,2,2,0,-1,11,[5]
1874,3,1,0,4,10,[5]
1875,5,2,3,3,8,[3]
1876,7,2,6,1,6,[0]
1877,9,2,7,-2,4,[1]
1878,11,2,5,-1,2,[3]
1879,13,2,4,1,0,[1]
1881,0,0,2,0,16,[4]
1882,2,2,0,2,11,[4]
1883,4,2,2,2,9,[0]
1884,6,2,4,-2,7,[4]
1885,8,2,2,2,5,[5]
1886,10,2,4,3,3,[4]
1887,12,2,7,2,1,[2]
1888,14,2,9,0,-1,[5]
1890,0,0,2,0,15,[3]
1891,2,2,0,1,13,[1]
1892,4,2,1,-1,11,[5]
1893,6,2,0,3,9,[3]
1894,8,2,3,1,7,[1]
1895,10,2,4,-1,5,[3]
1896,12,2,3,1,3,[3]
1897,14,2,4,1,1,[2]
1899,0,0,2,0,10,[4]
1900,2,2,0,2,12,[2]
1901,4,2,2,0,10,[0]
1902,6,2,2,-2,8,[0]
1903,8,2,0,-2,6,[5]
1904,8,0,0,5,6,[5]
1905,10,2,3,3,4,[1]
1906,12,2,6,-1,2,[3]
1908,0,0,2,0,12,[4]
1909,2,2,0,2,11,[0]
1910,4,2,2,-2,9,[1]
1911,6,2,0,-1,7,[1]
1912,7,1,0,0,6,[5]
1913,8,1,0,4,5,[4]
1914,10,2,3,2,3,[1]
1915,12,2,5,-1,1,[2]
1917,0,0,2,0,16,[5]
1918,2,2,0,3,10,[3]
1919,4,2,3,1,8,[0]
1920,6,2,4,-2,6,[2]
1921,8,2,2,0,4,[5]
1922,10,2,2,3,2,[1]
1923,12,2,5,-1,0,[4]
1924,14,2,4,2,-2,[1]
1926,0,0,2,0,10,[0]
1927,2,2,0,-2,13,[0]
1928,2,0,0,0,13,[4]
1929,2,0,0,4,13,[0]
1930,4,2,2,-2,11,[3]
1931,6,2,0,1,9,[4]
1932,8,2,1,2,7,[2]
1933,10,2,3,0,5,[1]
1935,0,0,2,0,13,[0]
1936,2,2,0,-2,11,[3]
1937,2,0,0,3,11,[4]
1938,4,2,1,2,9,[4]
1939,6,2,3,2,7,[0]
1940,8,2,5,-2,5,[1]
1941,10,2,3,-1,3,[3]
1942,12,2,2,1,1,[4]
1944,0,0,2,0,15,[4]
1945,2,2,0,2,13,[3]
1946,4,2,2,1,11,[1]
1947,6,2,3,-1,9,[3]
1948,8,2,2,1,7,[2]
1949,10,2,3,0,5,[3]
1950,12,2,3,1,3,[4]
1951,14,2,4,2,1,[1]
1953,0,0,2,0,16,[3]
1954,2,2,0,1,9,[0]
1955,4,2,1,-2,7,[5]
1956,5,1,0,4,6,[4]
1957,7,2,3,2,4,[3]
1958,9,2,5,1,2,[1]
1959,11,2,6,-1,0,[5]
1960,13,2,5,3,-2,[2]
1962,0,0,2,0,15,[1]
1963,2,2,0,-1,11,[3]
1964,3,1,0,2,10,[4]
1965,5,2,1,2,8,[3]
1966,7,2,3,1,6,[2]
1967,9,2,4,0,4,[5]
1968,11,2,4,3,2,[0]
1969,13,2,7,-2,0,[3]
1971,0,0,2,0,13,[0]
1972,2,2,0,-2,13,[2]
1973,2,0,0,2,13,[5]
1974,4,2,0,3,11,[3]
1975,6,2,3,1,9,[5]
1976,8,2,4,3,7,[2]
1977,10,2,7,0,5,[0]
1978,12,2,7,-2,3,[3]
1980,0,0,2,0,14,[0]
1981,2,2,0,-2,9,[5]
1982,2,0,0,5,9,[0]
1983,4,2,3,-2,7,[4]
1984,6,2,1,2,5,[2]
1985,8,2,3,0,3,[1]
1986,10,2,3,-1,1,[5]
1987,12,2,2,3,-1,[1]
1989,0,0,2,0,11,[5]
1990,2,2,0,3,9,[2]
1991,4,2,3,0,7,[4]
1992,6,2,3,2,5,[2]
1993,8,2,5,0,3,[5]
1994,10,2,5,3,1,[0]
1995,12,2,8,-2,-1,[2]
1996,14,2,6,0,-3,[0]
1998,0,0,2,0,14,[1]
1999,2,2,0,-1,13,[4]
2000,3,1,0,3,12,[0]
2001,5,2,2,-2,10,[3]
2002,7,2,0,1,8,[3]
2003,9,2,1,1,6,[1]
2004,11,2,2,-1,4,[3]
2005,13,2,1,1,2,[4]
2007,0,0,2,0,16,[4]
2008,2,2,0,2,9,[2]
2009,4,2,2,0,7,[4]
2010,6,2,2,2,5,[1]
2011,8,2,4,-1,3,[3]
2012,10,2,3,1,1,[1]
2013,12,2,4,-1,-1,[3]
2014,14,2,3,1,-3,[3]
2016,0,0,2,0,15,[2]
2017,2,2,0,0,13,[0]
2018,4,2,0,-2,11,[0]
2019,4,0,0,0,11,[2]
2020,4,0,0,2,11,[5]
2021,6,2,0,3,9,[4]
2022,8,2,3,2,7,[3]
2023,10,2,5,1,5,[3]
2025,0,0,2,0,10,[0]
2026,2,2,0,-2,9,[2]
2027,2,0,0,2,9,[0]
2028,4,2,0,-2,7,[0]
2029,4,0,0,0,7,[2]
2030,4,0,0,2,7,[2]
2031,6,2,0,0,5,[3]
2032,8,2,0,1,3,[1]
2034,0,0,2,0,11,[1]
2035,2,2,0,-1,12,[5]
2036,3,1,0,4,11,[3]
2037,5,2,3,1,9,[5]
2038,7,2,4,3,7,[0]
2039,9,2,7,-2,5,[5]
2040,11,2,5,3,3,[0]
2041,13,2,8,-2,1,[1]
2043,0,0,2,0,15,[4]
2044,2,2,0,2,11,[1]
2045,4,2,2,-1,9,[3]
2046,6,2,1,1,7,[5]
2047,8,2,2,3,5,[2]
2048,10,2,5,0,3,[5]
2049,12,2,5,3,1,[0]
2050,14,2,8,-2,-1,[0]
2052,0,0,2,0,13,[4]
2053,2,2,0,2,12,[5]
2054,4,2,2,3,10,[0]
2055,6,2,5,-2,8,[3]
2056,8,2,3,1,6,[5]
2057,10,2,4,3,4,[0]
2058,12,2,7,-2,2,[3]
2059,14,2,5,1,0,[0]
2061,0,0,2,0,16,[4]
2062,2,2,0,2,9,[4]
2063,4,2,2,2,7,[1]
2064,6,2,4,-1,5,[5]
2065,8,2,3,3,3,[3]
2066,10,2,6,1,1,[4]
2067,12,2,7,2,-1,[5]
2068,14,2,9,3,-3,[1]
2070,0,0,2,0,16,[0]
2071,2,2,0,-2,8,[5]
2072,2,0,0,5,8,[0]
2073,4,2,3,-2,6,[1]
2074,6,2,1,-1,4,[4]
2075,8,2,0,2,2,[5]
2076,10,2,2,3,0,[0]
2077,12,2,5,-2,-2,[3]
2079,0,0,2,0,12,[4]
2080,2,2,0,2,14,[0]
2081,4,2,2,-2,12,[3]
2082,6,2,0,1,10,[2]
2083,8,2,1,0,8,[1]
2084,10,2,1,-1,6,[5]
2085,12,2,0,3,4,[5]
2086,14,2,3,3,2,[3]
2088,0,0,2,0,15,[3]
2089,2,2,0,1,8,[0]
2090,4,2,1,-2,6,[2]
2091,5,1,0,1,5,[2]
2092,7,2,0,0,3,[2]
2093,9,2,0,0,1,[4]
2094,11,2,0,2,-1,[1]
2095,13,2,2,-1,-3,[5]
2097,0,0,2,0,13,[0]
2098,2,2,0,-2,11,[2]
2099,2,0,0,2,11,[1]
2100,4,2,0,-1,9,[1]
2101,5,1,0,0,8,[0]
2102,6,1,0,-1,7,[2]
2103,6,0,0,2,7,[1]
2104,8,2,0,-1,5,[4]
2106,0,0,2,0,13,[0]
2107,2,2,0,-2,11,[2]
2108,2,0,0,2,11,[4]
2109,4,2,0,2,9,[3]
2110,6,2,2,1,7,[3]
2111,8,2,3,1,5,[1]
2112,10,2,4,-1,3,[3]
2113,12,2,3,1,1,[5]
2115,0,0,2,0,16,[5]
2116,2,2,0,3,8,[1]
2117,4,2,3,-1,6,[0]
2118,6,2,2,-2,4,[3]
2119,8,2,0,1,2,[5]
2120,10,2,1,3,0,[5]
2121,12,2,4,3,-2,[4]
2122,14,2,7,2,-4,[3]
2124,0,0,2,0,14,[4]
2125,2,2,0,2,14,[3]
2126,4,2,2,1,12,[5]
2127,6,2,3,3,10,[4]
2128,8,2,6,2,8,[1]
2129,10,2,8,-1,6,[4]
2130,12,2,7,2,4,[5]
2131,14,2,9,3,2,[5]
2133,0,0,2,0,13,[2]
2134,2,2,0,0,12,[2]
2135,4,2,0,0,10,[1]
2136,6,2,0,-1,8,[0]
2137,7,1,0,-1,7,[2]
2138,7,0,0,2,7,[4]
2139,9,2,0,2,5,[5]
2140,11,2,2,3,3,[3]
2142,0,0,2,0,12,[2]
2143,2,2,0,0,14,[1]
2144,4,2,0,-1,12,[0]
2145,5,1,0,-1,11,[1]
2146,5,0,0,1,11,[2]
2147,6,1,0,1,10,[2]
2148,8,2,0,0,8,[4]
2149,10,2,0,2,6,[1]
2151,0,0,2,0,11,[0]
2152,2,2,0,-2,8,[2]
2153,2,0,0,2,8,[3]
2154,4,2,0,1,6,[4]
2155,6,2,1,2,4,[3]
2156,8,2,3,1,2,[5]
2157,10,2,4,3,0,[3]
2158,12,2,7,1,-2,[4]
2160,0,0,2,0,14,[3]
2161,2,2,0,1,12,[0]
2162,4,2,1,-2,10,[4]
2163,5,1,0,3,9,[0]
2164,7,2,2,-2,7,[4]
2165,9,2,0,2,5,[2]
2166,11,2,2,0,3,[1]
2167,13,2,2,-1,1,[5]
2169,0,0,2,0,12,[3]
2170,2,2,0,1,9,[1]
2171,4,2,1,-1,7,[2]
2172,6,2,0,0,5,[2]
2173,8,2,0,0,3,[2]
2174,10,2,0,0,1,[4]
2175,12,2,0,2,-1,[5]
2176,14,2,2,3,-3,[4]
2178,0,0,2,0,10,[0]
2179,2,2,0,-2,9,[5]
2180,2,0,0,5,9,[5]
2181,4,2,3,3,7,[3]
2182,6,2,6,1,5,[0]
2183,8,2,7,-2,3,[3]
2184,10,2,5,1,1,[5]
2185,12,2,6,3,-1,[3]
2187,0,0,2,0,13,[1]
2188,2,2,0,-1,9,[5]
2189,3,1,0,4,8,[3]
2190,5,2,3,1,6,[5]
2191,7,2,4,3,4,[0]
2192,9,2,7,-2,2,[3]
2193,11,2,5,1,0,[0]
2194,13,2,6,-2,-2,[4]
2196,0,0,2,0,13,[4]
2197,2,2,0,2,12,[2]
2198,4,2,2,0,10,[0]
2199,6,2,2,-2,8,[3]
2200,8,2,0,1,6,[4]
2201,10,2,1,2,4,[3]
2202,12,2,3,1,2,[1]
2203,14,2,4,-1,0,[3]
2205,0,0,2,0,13,[0]
2206,2,2,0,-2,8,[5]
2207,2,0,0,5,8,[5]
2208,4,2,3,3,6,[1]
2209,6,2,6,-1,4,[5]
2210,8,2,5,3,2,[2]
2211,10,2,8,0,0,[1]
2212,12,2,8,-1,-2,[1]
2214,0,0,2,0,12,[3]
2215,2,2,0,1,11,[4]
2216,4,2,1,2,9,[2]
2217,6,2,3,0,7,[5]
2218,8,2,3,3,5,[1]
2219,10,2,6,-1,3,[2]
2220,12,2,5,0,1,[5]
2221,14,2,5,3,-1,[4]
2223,0,0,2,0,16,[4]
2224,2,2,0,2,10,[2]
2225,4,2,2,0,8,[4]
2226,6,2,2,2,6,[2]
2227,8,2,4,0,4,[5]
2228,10,2,4,3,2,[4]
2229,12,2,7,2,0,[4]
2230,14,2,9,2,-2,[2]
2232,0,0,2,0,15,[1]
2233,2,2,0,-1,14,[0]
2234,3,1,0,-1,13,[0]
2235,3,0,0,0,13,[1]
2236,3,0,0,1,13,[2]
2237,4,1,0,1,12,[0]
2238,6,2,0,-2,10,[3]
2239,6,0,0,3,10,[3]
2241,0,0,2,0,16,[1]
2242,2,2,0,-1,12,[0]
2243,3,1,0,-1,11,[0]
2244,3,0,0,0,11,[5]
2245,3,0,0,5,11,[3]
2246,5,2,3,1,9,[4]
2247,7,2,4,2,7,[1]
2248,9,2,6,-1,5,[4]
2250,0,0,2,0,16,[4]
2251,2,2,0,2,11,[4]
2252,4,2,2,2,9,[1]
2253,6,2,4,-1,7,[3]
2254,8,2,3,1,5,[1]
2255,10,2,4,-1,3,[1]
2256,12,2,3,-1,1,[1]
2257,14,2,2,-1,-1,[2]
2259,0,0,2,0,12,[3]
2260,2,2,0,1,10,[2]
2261,4,2,1,0,8,[3]
2262,6,2,1,1,6,[3]
2263,8,2,2,1,4,[4]
2264,10,2,3,2,2,[5]
2265,12,2,5,3,0,[1]
2266,14,2,8,-1,-2,[3]
2268,0,0,2,0,11,[4]
2269,2,2,0,2,14,[0]
2270,4,2,2,-2,12,[5]
2271,6,2,0,3,10,[5]
2272,8,2,3,3,8,[0]
2273,10,2,6,-2,6,[0]
2274,12,2,4,-2,4,[4]
2275,14,2,2,2,2,[0]
2277,0,0,2,0,12,[5]
2278,2,2,0,3,10,[2]
2279,4,2,3,0,8,[1]
2280,6,2,3,-1,6,[4]
2281,8,2,2,2,4,[3]
2282,10,2,4,1,2,[2]
2283,12,2,5,0,0,[5]
2284,14,2,5,3,-2,[1]
2286,0,0,2,0,11,[2]
2287,2,2,0,0,10,[3]
2288,4,2,0,1,8,[4]
2289,6,2,1,2,6,[0]
2290,8,2,3,-2,4,[3]
2291,10,2,1,1,2,[2]
2292,12,2,2,0,0,[3]
2293,14,2,2,1,-2,[3]
2295,0,0,2,0,10,[2]
2296,2,2,0,0,10,[0]
2297,4,2,0,-2,8,[2]
2298,4,0,0,2,8,[5]
2299,6,2,0,3,6,[2]
2300,8,2,3,0,4,[5]
2301,10,2,3,3,2,[1]
2302,12,2,6,-1,0,[1]
